"id","email"1,alex.smith@example.com
2,jordan.brown@example.com
3,taylor.jones@example.com
4,morgan.lee@example.com
5,casey.white@example.com
6,drew.taylor@example.com
7,jamie.murphy@example.com
8,riley.young@example.com
9,chris.king@example.com
10,jesse.wilson@example.com
11,devon.clark@example.com
12,quinn.green@example.com
13,bailey.carter@example.com
14,reagan.mitchell@example.com
15,blake.evans@example.com
16,skylar.cook@example.com
17,finley.baker@example.com
18,cameron.rivera@example.com
19,rowan.campbell@example.com
20,reese.bell@example.com
21,payton.griffin@example.com
22,riley.palmer@example.com
23,dakota.roberts@example.com
24,devin.kelly@example.com
25,jordan.howard@example.com
26,mackenzie.ward@example.com
27,terry.cox@example.com
28,pat.morgan@example.com
29,jesse.bailey@example.com
30,alex.richardson@example.com
31,dylan.james@example.com
32,kelly.watson@example.com
33,erin.brooks@example.com
34,jordan.jenkins@example.com
35,ryan.sanders@example.com
36,morgan.price@example.com
37,jesse.bennett@example.com
38,bailey.wood@example.com
39,riley.barnes@example.com
40,jordan.ross@example.com
41,devon.henderson@example.com
42,reese.coleman@example.com
43,blake.perry@example.com
44,casey.powell@example.com
45,charlie.long@example.com
46,dakota.patterson@example.com
47,jordan.hughes@example.com
48,reagan.flores@example.com
49,quinn.washington@example.com
50,morgan.butler@example.com
51,sydney.simmons@example.com
52,drew.foster@example.com
53,jamie.gonzales@example.com
54,riley.bell@example.com
55,jesse.fisher@example.com
56,jordan.ellis@example.com
57,morgan.harrison@example.com
58,riley.rose@example.com
59,quinn.stone@example.com
60,kelly.weber@example.com
61,dylan.shaw@example.com
62,erin.holmes@example.com
63,ryan.rice@example.com
64,morgan.robertson@example.com
65,jordan.mason@example.com
66,devon.lane@example.com
67,blake.barnett@example.com
68,cameron.hart@example.com
69,reese.fox@example.com
70,dakota.burns@example.com
71,jesse.gordon@example.com
72,alex.shaw@example.com
73,dylan.sullivan@example.com
74,kelly.riley@example.com
75,erin.pearson@example.com
76,ryan.holland@example.com
77,morgan.fletcher@example.com
78,jordan.dunn@example.com
79,devon.dawson@example.com
80,blake.lynch@example.com
81,cameron.dean@example.com
82,reese.gibbs@example.com
83,dakota.hansen@example.com
84,jesse.bishop@example.com
85,alex.walsh@example.com
86,dylan.boyle@example.com
87,kelly.curtis@example.com
88,erin.rhodes@example.com
89,ryan.pena@example.com
90,morgan.kerr@example.com
91,jordan.mcbride@example.com
92,devon.owens@example.com
93,blake.mccoy@example.com
94,cameron.mcgrath@example.com
95,reese.floyd@example.com
96,dakota.black@example.com
97,jesse.cobb@example.com
98,alex.pace@example.com
99,dylan.hancock@example.com
100,kelly.goldstein@example.com
